{
    "name": "DAMM",
    "K": 3,
    "M": 3,
    "Priors": [
        179.0,
        249.0,
        239.0
    ],
    "Mu": [
        0.614726049534191,
        -0.28732112117967507,
        0.2789245959823409,
        0.5726303451295526,
        -0.02613262233252003,
        0.4862469468098088,
        0.5299849565909935,
        0.16418760550419906,
        0.252096271682796
    ],
    "Sigma": [
        0.00017413745543105476,
        -0.00027799237909278507,
        -0.000786427378238329,
        -0.00027799237909278507,
        0.0008561732288012736,
        0.002716560308297854,
        -0.000786427378238329,
        0.002716560308297854,
        0.009812873209418734,
        0.0002411222475905012,
        -0.0010623482754134766,
        9.683499047536374e-06,
        -0.0010623482754134766,
        0.01432885364522924,
        -0.0005297295237241815,
        9.683499047536374e-06,
        -0.0005297295237241815,
        0.0005474850000883937,
        9.668533188680499e-05,
        0.00014818625600352875,
        0.0007645143876125847,
        0.00014818625600352875,
        0.00039299432187704745,
        0.0013237380137811868,
        0.0007645143876125847,
        0.0013237380137811868,
        0.008750183188479246
    ],
    "A": [
        -1.4983540094759602,
        -0.8115636970231012,
        0.18577714194244535,
        -0.8115636970231012,
        -0.9239864805690914,
        -0.24129029564784013,
        0.18577714194244535,
        -0.24129029564784013,
        -1.7334879284759408,
        -0.6114941518307122,
        -0.16999553850008692,
        -0.05064750644659854,
        0.30657735516325924,
        -0.2443914895870878,
        0.5740200640685267,
        0.455720442252171,
        -1.153291312333442,
        -0.5543093434771387,
        -0.6774517996767817,
        -0.2288297943632592,
        -0.3551921518542439,
        -0.2823701859204151,
        -0.048795904764504426,
        0.498327694839833,
        -0.040604455666955405,
        -0.8015088271430049,
        -0.1271469821420697
    ],
    "attractor": [
        0.5221179069155409,
        0.12379167083265134,
        0.0974666009872519
    ],
    "att_all": [
        0.5221179069155409,
        0.12379167083265134,
        0.0974666009872519
    ],
    "dt": 0.017000675201416016,
    "gripper_open": 1
}