{
    "name": "DAMM",
    "K": 8,
    "M": 3,
    "Priors": [
        931.0,
        1102.0,
        977.0,
        2072.0,
        1888.0,
        366.0,
        1735.0,
        978.0
    ],
    "Mu": [
        0.4421839470406037,
        -0.433838892512139,
        0.29297116398770484,
        0.5654593745453625,
        -0.24045200115118515,
        0.32409992794288367,
        0.573854480212847,
        -0.045574776433374216,
        0.2213120116846755,
        0.5294088233427685,
        0.01795143248587732,
        0.10549022433640136,
        0.5244985714682239,
        0.017053796200595425,
        0.07964186157974343,
        0.6901771289055587,
        -0.36761177539074813,
        0.2642692945203551,
        0.6081956763689198,
        0.3169844517433881,
        0.31065529886906085,
        0.587827299512751,
        0.08752286013480637,
        0.22592257960871034
    ],
    "Sigma": [
        0.002703598897277696,
        0.0006608729531780653,
        0.0006369830891474271,
        0.0006608729531780653,
        0.000897297311465068,
        0.0004869986800991542,
        0.0006369830891474271,
        0.0004869986800991542,
        0.0003598714650070918,
        0.0033637902111368855,
        0.0017498778971874725,
        -7.019402387101083e-07,
        0.0017498778971874725,
        0.005166363029956279,
        -0.0007379373477819713,
        -7.019402387101083e-07,
        -0.0007379373477819713,
        0.0005106537493087442,
        0.000853970725135604,
        -0.0009887054563176272,
        0.0006615072425541491,
        -0.0009887054563176272,
        0.0017465235355528573,
        -0.0015866262186105273,
        0.0006615072425541491,
        -0.0015866262186105273,
        0.0021405743890676046,
        8.433129353889114e-05,
        -1.745776965558152e-05,
        0.0001419392222882197,
        -1.745776965558152e-05,
        5.7812449179641346e-05,
        -6.70815764985356e-06,
        0.0001419392222882197,
        -6.70815764985356e-06,
        0.0004213518355845162,
        3.845140800370167e-06,
        6.467907311499392e-07,
        2.1563648746497887e-06,
        6.467907311499392e-07,
        2.005235115752806e-06,
        1.041849036212907e-06,
        2.1563648746497887e-06,
        1.041849036212907e-06,
        1.960062453428071e-06,
        1.5811714492742885e-05,
        -0.00011762922730585932,
        -0.00010477594595288605,
        -0.00011762922730585932,
        0.0011079196519482028,
        0.0010594125213864165,
        -0.00010477594595288605,
        0.0010594125213864165,
        0.0010346669367962186,
        0.0046829869428595084,
        -0.0023922875380450286,
        0.0024842410748459956,
        -0.0023922875380450286,
        0.007197837393482674,
        -0.0015420078090098168,
        0.0024842410748459956,
        -0.0015420078090098168,
        0.003268225460037777,
        0.0006640527969303281,
        0.0008609664414877455,
        0.0011630051658255793,
        0.0008609664414877455,
        0.0015593644831210206,
        0.0019277057914547503,
        0.0011630051658255793,
        0.0019277057914547503,
        0.0026374567370856224
    ],
    "A": [
        -1.68075189133384,
        0.8379973283440855,
        -0.19823987183655364,
        0.8379973283440855,
        -3.9448875331378987,
        -0.5043692000833349,
        -0.19823987183655364,
        -0.5043692000833349,
        -5.4352441546416514,
        -0.8809487671880297,
        -2.183993608680617,
        5.038858864177722,
        0.8828740787468007,
        -5.235791451569413,
        1.1471261630612575,
        -1.425628772845835,
        0.42882675784341395,
        -5.208894994946635,
        -2.6153096827171103,
        -2.980256810729129,
        -2.739226398375443,
        -0.2974883462184433,
        -5.442062581576313,
        -1.6487311958163662,
        0.3408641772611439,
        -0.03627276049817538,
        -1.5537576737727052,
        -0.7814735015198944,
        -1.0379189401890345,
        0.9674066101087412,
        3.1442682639759836,
        -5.957951460381607,
        2.2081475496549183,
        -2.27222441943395,
        2.080589859734033,
        -3.573480404648645,
        -1.8246734703992715,
        0.0560240779764945,
        -0.03497913502339876,
        -0.30980399818824034,
        -0.4710631935034942,
        -1.2350504555953117,
        0.3159782960218108,
        0.992698893382081,
        -1.462832286413451,
        -0.6935674391079167,
        0.23520421581755785,
        0.898668557359299,
        0.1647303358905772,
        -0.015163422471373077,
        0.6360244079060292,
        0.20757227964154493,
        -1.0843709559976993,
        -1.0007796990983164,
        -0.979205773058951,
        -2.86410260950573,
        -3.1355681672010007,
        -0.07313876369915819,
        -0.8356445017256509,
        -1.2633491020357919,
        0.6566769636171278,
        1.7763160727455845,
        1.083634044141822,
        -0.6035759065898313,
        0.06741249633262268,
        0.39380390331946064,
        -0.06978688594600636,
        -0.10236643632241439,
        -0.2741895289130803,
        0.07340025827257322,
        0.38594608724867485,
        -0.12727406759808188
    ],
    "attractor": [
        0.5260188727361389,
        0.017068984740429186,
        0.08104960698089146
    ],
    "att_all": [
        0.5260188727361389,
        0.017068984740429186,
        0.08104960698089146
    ],
    "dt": 0.0010039806365966797,
    "gripper_open": 1
}