{
    "name": "DAMM",
    "K": 10,
    "M": 3,
    "Priors": [
        0.08916310080605035,
        0.11155338839685541,
        0.0944372574385511,
        0.20877699273559558,
        0.18837695293063986,
        0.03642153448104289,
        0.06010548313265002,
        0.0953328689421833,
        0.034033237138023684,
        0.0817991839984078
    ],
    "Mu": [
        0.43989958083010006,
        -0.4361209814955181,
        0.29141330035813967,
        0.5628346865275721,
        -0.246213568401081,
        0.32475171867923064,
        0.5756228945500718,
        -0.04914906106665616,
        0.226174751430702,
        0.5296606974571398,
        0.017534539966679166,
        0.10609535696663462,
        0.5244868517282879,
        0.01705825426770245,
        0.07964126941858839,
        0.6901771289055587,
        -0.36761177539074813,
        0.2642692945203551,
        0.5498133454751234,
        0.33162155745441496,
        0.23770719479374222,
        0.5855112299605164,
        0.08430396416331279,
        0.22081371502968347,
        0.56123125071695,
        0.3841800860989745,
        0.3462188516602592,
        0.6720007295416569,
        0.2718138273789491,
        0.35079266283352634
    ],
    "Sigma": [
        0.0026555428014639563,
        0.0005536362797298914,
        0.0005575212764221595,
        0.0005536362797298914,
        0.0007910973162240343,
        0.00041503412016147387,
        0.0005575212764221595,
        0.00041503412016147387,
        0.0003030825392223573,
        0.0033972484742873167,
        0.001920646383247852,
        6.3120562242930375e-06,
        0.001920646383247852,
        0.00544146680049572,
        -0.0007198294408616222,
        6.3120562242930375e-06,
        -0.0007198294408616222,
        0.0004975649022683654,
        0.0008829732848841822,
        -0.00102131706607664,
        0.0006256144663884238,
        -0.00102131706607664,
        0.0018176996584027185,
        -0.0015676278279263597,
        0.0006256144663884238,
        -0.0015676278279263597,
        0.0020008221395775173,
        8.776916479817883e-05,
        -2.4173328825600806e-05,
        0.0001469983731338946,
        -2.4173328825600806e-05,
        6.539182250273142e-05,
        -2.1260597106913318e-05,
        0.0001469983731338946,
        -2.1260597106913318e-05,
        0.0004351031524588797,
        3.916222413414042e-06,
        6.382119037153646e-07,
        2.171059751109876e-06,
        6.382119037153646e-07,
        2.013105911481845e-06,
        1.0458344030987132e-06,
        2.171059751109876e-06,
        1.0458344030987132e-06,
        1.96604009667181e-06,
        1.5811714492742885e-05,
        -0.00011762922730585932,
        -0.00010477594595288605,
        -0.00011762922730585932,
        0.0011079196519482028,
        0.0010594125213864165,
        -0.00010477594595288605,
        0.0010594125213864165,
        0.0010346669367962186,
        0.0012276884909181555,
        -0.002793438314042684,
        0.00037854600060137665,
        -0.002793438314042684,
        0.00668742554915242,
        -0.0007859418871732103,
        0.00037854600060137665,
        -0.0007859418871732103,
        0.00013468051528813964,
        0.0005821739777610172,
        0.0007739377684125777,
        0.001002848928057988,
        0.0007739377684125777,
        0.0014730930576830426,
        0.001741635110655725,
        0.001002848928057988,
        0.001741635110655725,
        0.0023164025351025868,
        0.0003431298595460733,
        -0.0007175776051414068,
        0.00017857595663786863,
        -0.0007175776051414068,
        0.0015262405062545677,
        -0.0003759649626910794,
        0.00017857595663786863,
        -0.0003759649626910794,
        9.340291738383105e-05,
        0.001395579051602334,
        0.0019008160549331837,
        -7.865058369635629e-05,
        0.0019008160549331837,
        0.006617083958268038,
        -0.0011358817714352339,
        -7.865058369635629e-05,
        -0.0011358817714352339,
        0.0006981350516312001
    ]
}