{
    "name": "DAMM",
    "K": 3,
    "M": 3,
    "Priors": [
        0.30154946364719903,
        0.30870083432657924,
        0.38974970202622167
    ],
    "Mu": [
        0.5683440717146718,
        0.5402326761475473,
        0.5828213838310096,
        -0.32131217490937386,
        0.0006321948744719431,
        0.21490881582915144,
        0.08872321032212627,
        0.5266488937470563,
        0.2503849230922978
    ],
    "Sigma": [
        0.016652353190194213,
        0.0,
        0.0,
        0.0,
        0.016652353190194213,
        0.0,
        0.0,
        0.0,
        0.016652353190194213,
        0.009191685024024355,
        0.00030655608787127144,
        -0.00023706127192359714,
        0.0003065560878712715,
        0.013323437956534012,
        -0.00038700993949684654,
        -0.00023706127192359716,
        -0.0003870099394968464,
        0.010046118470352656,
        0.008646868348348524,
        7.685924060601136e-05,
        -2.456296648715015e-05,
        7.685924060601131e-05,
        0.008143251589589165,
        -0.00046408748935887543,
        -2.4562966487150114e-05,
        -0.00046408748935887527,
        0.0114770660061817
    ],
    "Prior": [
        0.38974970202622167,
        0.30870083432657924,
        0.30154946364719903
    ],
    "A": [
        -0.7466932744998678,
        0.006385339205207968,
        0.18815104301569419,
        0.006385339205207968,
        -3.5322862425625523,
        -0.22257812372063804,
        0.18815104301569419,
        -0.22257812372063804,
        -2.699323960583941,
        -2.4853410221203194,
        -0.9490425758891156,
        1.2552621273521607,
        -0.021272981387684114,
        -0.03680282636474609,
        2.1339388314739485,
        -0.24563834241536958,
        -1.1998632717393496,
        -1.3093910512528633,
        -0.6260642740129013,
        -0.5487579569334333,
        2.37574151549109,
        0.27178123583853814,
        0.06823854562453267,
        0.6659727087501911,
        -0.8548866985797435,
        -0.5602823944907513,
        0.2925519029443713
    ],
    "attractor": [
        0.5683440717146718,
        -0.32131217490937386,
        0.08872321032212627
    ],
    "att_all": [
        0.5683440717146718,
        -0.32131217490937386,
        0.08872321032212627
    ],
    "dt": 0.008060693740844727,
    "gripper_open": 0
}