{
    "name": "DAMM result",
    "K": 2,
    "M": 3,
    "Priors": [
        0.5029797377830751,
        0.4970202622169249
    ],
    "Mu": [
        0.567984212702375,
        0.15701256741542977,
        0.3597504187580869,
        0.5446966375124739,
        -0.2614152377887281,
        0.33215973322825676
    ],
    "Sigma": [
        0.0008930827239844038,
        0.0015251024257799315,
        -0.0026687299759060564,
        0.0015251024257799315,
        0.007226517807549503,
        -0.011175180914720325,
        -0.0026687299759060564,
        -0.011175180914720325,
        0.02533137110813114,
        0.00018547978049784426,
        -0.0007924781113955654,
        -0.0020223567129534705,
        -0.0007924781113955654,
        0.0062187374278707365,
        0.010361245858751289,
        -0.0020223567129534705,
        0.010361245858751289,
        0.024305660019257425
    ]
}