{
    "name": "DAMM",
    "K": 4,
    "M": 3,
    "Priors": [
        0.21183591123066578,
        0.13853396099529253,
        0.3934095494283793,
        0.2562205783456624
    ],
    "Mu": [
        0.7062981706927527,
        -0.007617364952699896,
        0.09060578713196625,
        0.6070075735355114,
        0.1461786281523515,
        0.5344715359498706,
        0.5747031407751848,
        0.39950164562500856,
        0.3105230671348621,
        0.5963233366858018,
        -0.37777411704670294,
        0.3805547272855233
    ],
    "Sigma": [
        0.019862774345276082,
        0.0,
        0.0,
        0.0,
        0.019862774345276082,
        0.0,
        0.0,
        0.0,
        0.019862774345276082,
        0.00789226902862585,
        -0.0008666577327302694,
        -0.00044328965823599574,
        -0.0008666577327302691,
        0.009631442224128654,
        0.0006963060367865859,
        -0.00044328965823599645,
        0.0006963060367865859,
        0.007862074217432876,
        0.014759483648953782,
        -0.001347180557585267,
        -0.0007076671431750344,
        -0.0013471805575852667,
        0.011255570433466384,
        -0.0016622243602911772,
        -0.000707667143175034,
        -0.001662224360291177,
        0.019939980504465722,
        0.020174812683244506,
        0.0011830475952299053,
        -0.0005645047094706863,
        0.0011830475952299066,
        0.02266005601695701,
        0.003831933102644923,
        -0.0005645047094706866,
        0.003831933102644923,
        0.026201126920579503
    ],
    "Prior": [
        0.3934095494283793,
        0.13853396099529253,
        0.21183591123066578,
        0.2562205783456624
    ],
    "A": [
        -3.765798502017584,
        0.5108532548179295,
        0.27882945460146474,
        0.5108532548179295,
        -0.5903212951670552,
        -0.06742883899445488,
        0.27882945460146474,
        -0.06742883899445488,
        -3.781448457265904,
        -2.5801941516449745,
        -1.0323486098309937,
        1.4038349328295103,
        -1.1529045355426701,
        -2.936273482340196,
        2.5253780749591286,
        0.2592124130011579,
        -0.24087754119027519,
        -0.877408556733286,
        -0.6338169893983523,
        -0.4726884853962308,
        1.2070527123042367,
        -0.02755053717966946,
        0.05983918758823988,
        1.4692144485375656,
        -0.41647948702355747,
        -0.7774200287785566,
        0.2401202839697294,
        -0.7128212335839952,
        0.9885171997773774,
        1.1942542895022172,
        0.06050279853873221,
        -0.24902047380135386,
        -1.645762785953775,
        -0.03953846414425167,
        1.1602031136667588,
        -0.21937972125793329
    ],
    "attractor": [
        0.7062981706927527,
        -0.007617364952699896,
        0.09060578713196625
    ],
    "att_all": [
        0.7062981706927527,
        -0.007617364952699896,
        0.09060578713196625
    ],
    "dt": 0.008030891418457031,
    "gripper_open": 0
}