{
    "name": "DAMM result",
    "K": 3,
    "M": 3,
    "Priors": [
        0.26817640047675806,
        0.35876042908224076,
        0.3730631704410012
    ],
    "Mu": [
        0.5836215407128797,
        0.2179222869726179,
        0.22943560270949395,
        0.5430897141731779,
        0.00548524803300072,
        0.5146805402317558,
        0.5496580989667067,
        -0.29851253972958613,
        0.2676786972929753
    ],
    "Sigma": [
        0.0006605077439305045,
        0.00011448715682475951,
        2.2593741381030574e-05,
        0.00011448715682475951,
        0.00023731774735885315,
        -0.0011476082466222958,
        2.2593741381030574e-05,
        -0.0011476082466222958,
        0.008703934161571114,
        0.0004762539472278918,
        0.0016006050553967607,
        -0.0005899191393812693,
        0.0016006050553967607,
        0.01798841363780813,
        -0.0025884884230555653,
        -0.0005899191393812693,
        -0.0025884884230555653,
        0.002163008250928909,
        0.0001339179588846109,
        -0.000297347310510044,
        -0.001390036943526069,
        -0.000297347310510044,
        0.0015847838214772558,
        0.003775636744888521,
        -0.001390036943526069,
        0.003775636744888521,
        0.015369257350857543
    ]
}