{
    "name": "DAMM result",
    "K": 3,
    "M": 3,
    "Priors": [
        0.3218116805721097,
        0.3265792610250298,
        0.35160905840286055
    ],
    "Mu": [
        0.5813446996060089,
        0.21194454982982444,
        0.263651172466498,
        0.5382596141721434,
        -0.03495342421656015,
        0.5242523155961044,
        0.5504462116146237,
        -0.30643607094001124,
        0.255912998077318
    ],
    "Sigma": [
        0.0006730856826049669,
        0.00013927769672236238,
        -0.00041378226149753117,
        0.00013927769672236238,
        0.00042496539052093923,
        -0.0020134099978182662,
        -0.00041378226149753117,
        -0.0020134099978182662,
        0.01327835287089089,
        0.000288733436855542,
        0.0008622942967762915,
        -0.00019371429452466645,
        0.0008622942967762915,
        0.014892611295848531,
        0.0005939760691766826,
        -0.00019371429452466645,
        0.0005939760691766826,
        0.0013683107376831602,
        0.00013054921065484178,
        -0.00019230585992900196,
        -0.0013043673306700108,
        -0.00019230585992900196,
        0.0006296748429517315,
        0.0023150954771894655,
        -0.0013043673306700108,
        0.0023150954771894655,
        0.013805362557409748
    ]
}