{
    "name": "DAMM result",
    "K": 4,
    "M": 3,
    "Priors": [
        0.265792610250298,
        0.21811680572109654,
        0.1835518474374255,
        0.33253873659118
    ],
    "Mu": [
        0.5836146470418235,
        0.2183703738123155,
        0.22774767528751094,
        0.5510749510861288,
        0.09817197292614319,
        0.5043604475726321,
        0.5318864135565313,
        -0.15610668662924565,
        0.5136785250711751,
        0.551700880201826,
        -0.30599457123051954,
        0.2442046563305675
    ],
    "Sigma": [
        0.0006586390492178799,
        0.00011109057714435509,
        2.6601165045145595e-05,
        0.00011109057714435509,
        0.00021384553590031118,
        -0.0010693463050238283,
        2.6601165045145595e-05,
        -0.0010693463050238283,
        0.008457027221159865,
        0.0006143014130748234,
        0.0008606990722693342,
        -0.0008359318994738596,
        0.0008606990722693342,
        0.005407028142600001,
        -0.003120606419996587,
        -0.0008359318994738596,
        -0.003120606419996587,
        0.0028639557586072136,
        5.908399486124818e-05,
        4.730463718620186e-05,
        -2.2603426266971624e-05,
        4.730463718620186e-05,
        0.006205118190831573,
        0.00256260774741891,
        -2.2603426266971624e-05,
        0.00256260774741891,
        0.0016852381525634126,
        0.00011071785003833335,
        -0.0001902474296517642,
        -0.0011110042405866277,
        -0.0001902474296517642,
        0.0009888260861465774,
        0.0024914525385108703,
        -0.0011110042405866277,
        0.0024914525385108703,
        0.012051096912798001
    ]
}