{
    "name": "DAMM",
    "K": 3,
    "M": 3,
    "Priors": [
        0.3075089392133492,
        0.29797377830750893,
        0.39451728247914186
    ],
    "Mu": [
        0.5683440717146718,
        -0.32131217490937386,
        0.08872321032212627,
        0.5400690922540483,
        0.000326807714154367,
        0.5289331407716691,
        0.5822780722585724,
        0.21401653700471543,
        0.25408408729087173
    ],
    "Sigma": [
        0.017002738520417265,
        0.0,
        0.0,
        0.0,
        0.017002738520417265,
        0.0,
        0.0,
        0.0,
        0.017002738520417265,
        0.008777668639395265,
        0.0002900102447592524,
        -0.00023125184006163522,
        0.0002900102447592524,
        0.01261655773384951,
        -0.0003510401057441792,
        -0.0002312518400616352,
        -0.00035104010574417915,
        0.009498521975393418,
        0.00903086631948276,
        8.740069899441492e-05,
        -5.035687165107101e-05,
        8.740069899441499e-05,
        0.008545803661718357,
        -0.000498890773272078,
        -5.0356871651071014e-05,
        -0.0004988907732720778,
        0.0119820685655462
    ],
    "Prior": [
        0.39451728247914186,
        0.29797377830750893,
        0.3075089392133492
    ],
    "A": [
        -0.7334660458761505,
        0.003954759380958381,
        0.1822694536562054,
        0.003954759380958381,
        -3.5261113149358327,
        -0.22775025679454308,
        0.1822694536562054,
        -0.22775025679454308,
        -2.641385656335503,
        -2.5284765781271705,
        -0.9745203235142853,
        1.2850797057923051,
        -0.015888302353574982,
        -0.041490362364108704,
        2.1207918812667725,
        -0.2510428192687115,
        -1.2047904115867034,
        -1.2963753879777042,
        -0.6303853416348636,
        -0.5551476018336418,
        2.378710929664405,
        0.2732533723688451,
        0.06767394410152414,
        0.6694659073025245,
        -0.8578727016252148,
        -0.5638489023318534,
        0.2935120598073833
    ],
    "attractor": [
        0.5683440717146718,
        -0.32131217490937386,
        0.08872321032212627
    ],
    "att_all": [
        0.5683440717146718,
        -0.32131217490937386,
        0.08872321032212627
    ],
    "dt": 0.008060693740844727,
    "gripper_open": 0
}