{
    "name": "DAMM",
    "K": 7,
    "M": 3,
    "Priors": [
        1606.0,
        1163.0,
        1153.0,
        1983.0,
        1057.0,
        1717.0,
        680.0
    ],
    "Mu": [
        0.587504604219856,
        -0.0020664480553544153,
        0.5709977624367241,
        0.5214490439173904,
        -0.3079702500921401,
        0.4919580204067481,
        0.5853956542692258,
        -0.26814241903226005,
        0.33736915361178926,
        0.5913039571564935,
        0.10430103725823568,
        0.3257789032767609,
        0.5564067373687877,
        0.25835967402004584,
        0.17416985153707537,
        0.5540664508420708,
        0.05674683829424346,
        0.1080223804344439,
        0.36751333520213203,
        0.022547484769438225,
        0.572809288692595
    ],
    "Sigma": [
        0.0004613301416465424,
        0.0011245108333623316,
        0.00017188074124623403,
        0.0011245108333623316,
        0.018661002501057167,
        -0.0018383037232823324,
        0.00017188074124623403,
        -0.0018383037232823324,
        0.00044638361591745583,
        0.004997886627888349,
        -0.0020134837736549374,
        -0.00030567701089397926,
        -0.0020134837736549374,
        0.0022007824403721633,
        0.0012506027544348054,
        -0.00030567701089397926,
        0.0012506027544348054,
        0.0026212767060378376,
        0.0059758501843213685,
        -0.0014839057630064245,
        -0.0005065384929134682,
        -0.0014839057630064245,
        0.0036068875593902546,
        -0.0011338005944646278,
        -0.0005065384929134682,
        -0.0011338005944646278,
        0.0009284574248334853,
        0.00752934991821227,
        -0.0028877281860318162,
        0.0004320695344581853,
        -0.0028877281860318162,
        0.021383144886974296,
        -0.0017432519787624863,
        0.0004320695344581853,
        -0.0017432519787624863,
        0.0009338327722569528,
        0.003076875500207763,
        0.0006506532757257487,
        -0.0006169248240748884,
        0.0006506532757257487,
        0.0015275995111679536,
        0.001014107419712023,
        -0.0006169248240748884,
        0.001014107419712023,
        0.0013204747515528647,
        0.00034777261695761666,
        0.0006277740861732992,
        0.00011563923924703464,
        0.0006277740861732992,
        0.0032844057761915184,
        0.0005978098356660438,
        0.00011563923924703464,
        0.0005978098356660438,
        0.00011125904114174329,
        6.6065196165335e-05,
        -0.0008227554731469684,
        4.5616236467049966e-05,
        -0.0008227554731469684,
        0.01325250992354565,
        -0.0008598108891681923,
        4.5616236467049966e-05,
        -0.0008598108891681923,
        0.00016886419173781612
    ],
    "A": [
        -4.3304398574280025,
        0.26143819511740307,
        0.0734429317464887,
        0.26143819511740307,
        -4.12546939185925,
        -0.5673332019760854,
        0.0734429317464887,
        -0.5673332019760854,
        -0.2744987268081372,
        -0.2063305733956229,
        -0.17189046789313608,
        0.3671487225029812,
        -0.33073943922820215,
        -1.1961044808553067,
        -0.8415561039803046,
        0.05137317538108251,
        2.8350038850580646,
        -0.21069589885783982,
        -1.2940795195673307,
        1.6043479379876993,
        0.3934888205885641,
        0.42518706764120184,
        -2.4256515241743557,
        -0.17993783269607805,
        -0.835916793016628,
        5.169356176717051,
        -2.1771073014439346,
        0.032237066015059185,
        0.2523346607591316,
        0.2625121421051148,
        -0.16959635467450734,
        -0.19541785359699335,
        -0.010928407736294785,
        0.12066468621280084,
        0.8686645756539557,
        -0.6243111766833437,
        -0.37695169549639745,
        -1.4880996470323695,
        -0.26789920396830386,
        0.43420777162646684,
        0.18175362146164478,
        0.4378723162913023,
        0.07988354555438001,
        -0.7309680210173547,
        0.09454095222896372,
        -1.603850659498339,
        -2.6533645706208575,
        -0.30639406409052433,
        0.3715285489121486,
        0.05392236798664365,
        0.647126209354079,
        -0.6229977013857471,
        -1.902302611004403,
        -0.1518434587388198,
        -0.7241549194524756,
        -0.6296722883703363,
        -0.004046201397729555,
        -0.31020493006863364,
        -1.0541710607427695,
        0.7111335613759278,
        -0.1261705898221161,
        -1.386997596517721,
        -0.08774394135087893
    ],
    "attractor": [
        0.5452825848100914,
        0.011242798502905535,
        0.09982759604362455
    ],
    "att_all": [
        0.5452825848100914,
        0.011242798502905535,
        0.09982759604362455
    ],
    "dt": 0.0030198097229003906,
    "gripper_open": 1
}