{
  "name": "0",
  "K": 10,
  "M": 3,
  "Priors": [
    0.089163100806050347,
    0.11155338839685541,
    0.0944372574385511,
    0.20877699273559558,
    0.18837695293063986,
    0.036421534481042891,
    0.060105483132650017,
    0.0953328689421833,
    0.034033237138023684,
    0.0817991839984078
  ],
  "Mu": [
    0.43989958083010006,
    -0.43612098149551809,
    0.29141330035813967,
    0.56283468652757207,
    -0.246213568401081,
    0.32475171867923064,
    0.57562289455007176,
    -0.049149061066656161,
    0.226174751430702,
    0.52966069745713984,
    0.017534539966679166,
    0.10609535696663462,
    0.52448685172828791,
    0.017058254267702449,
    0.079641269418588387,
    0.69017712890555871,
    -0.36761177539074813,
    0.26426929452035508,
    0.54981334547512339,
    0.33162155745441496,
    0.23770719479374222,
    0.58551122996051641,
    0.084303964163312789,
    0.22081371502968347,
    0.56123125071695,
    0.38418008609897453,
    0.34621885166025917,
    0.6720007295416569,
    0.2718138273789491,
    0.35079266283352634
  ],
  "Sigma": [
    0.0026555428014639563,
    0.00055363627972989141,
    0.00055752127642215953,
    0.00055363627972989141,
    0.00079109731622403431,
    0.00041503412016147387,
    0.00055752127642215953,
    0.00041503412016147387,
    0.00030308253922235729,
    0.0033972484742873167,
    0.0019206463832478521,
    6.3120562242930375E-6,
    0.0019206463832478521,
    0.00544146680049572,
    -0.00071982944086162223,
    6.3120562242930375E-6,
    -0.00071982944086162223,
    0.00049756490226836542,
    0.00088297328488418222,
    -0.00102131706607664,
    0.00062561446638842379,
    -0.00102131706607664,
    0.0018176996584027185,
    -0.0015676278279263597,
    0.00062561446638842379,
    -0.0015676278279263597,
    0.0020008221395775173,
    8.7769164798178826E-5,
    -2.4173328825600806E-5,
    0.0001469983731338946,
    -2.4173328825600806E-5,
    6.5391822502731422E-5,
    -2.1260597106913318E-5,
    0.0001469983731338946,
    -2.1260597106913318E-5,
    0.00043510315245887972,
    3.9162224134140422E-6,
    6.382119037153646E-7,
    2.1710597511098759E-6,
    6.382119037153646E-7,
    2.0131059114818451E-6,
    1.0458344030987132E-6,
    2.1710597511098759E-6,
    1.0458344030987132E-6,
    1.96604009667181E-6,
    1.5811714492742885E-5,
    -0.00011762922730585932,
    -0.00010477594595288605,
    -0.00011762922730585932,
    0.0011079196519482028,
    0.0010594125213864165,
    -0.00010477594595288605,
    0.0010594125213864165,
    0.0010346669367962186,
    0.0012276884909181555,
    -0.0027934383140426839,
    0.00037854600060137665,
    -0.0027934383140426839,
    0.00668742554915242,
    -0.00078594188717321029,
    0.00037854600060137665,
    -0.00078594188717321029,
    0.00013468051528813964,
    0.00058217397776101718,
    0.00077393776841257775,
    0.0010028489280579881,
    0.00077393776841257775,
    0.0014730930576830426,
    0.0017416351106557251,
    0.0010028489280579881,
    0.0017416351106557251,
    0.0023164025351025868,
    0.00034312985954607327,
    -0.00071757760514140677,
    0.00017857595663786863,
    -0.00071757760514140677,
    0.0015262405062545677,
    -0.00037596496269107942,
    0.00017857595663786863,
    -0.00037596496269107942,
    9.3402917383831048E-5,
    0.001395579051602334,
    0.0019008160549331837,
    -7.8650583696356291E-5,
    0.0019008160549331837,
    0.006617083958268038,
    -0.0011358817714352339,
    -7.8650583696356291E-5,
    -0.0011358817714352339,
    0.00069813505163120008
  ],
  "A": [
    -0.48091735414981396,
    -0.048292230620234682,
    0.11490008202423302,
    -0.048292230620234682,
    -0.3519815251950022,
    -0.2418501086817289,
    0.11490008202423302,
    -0.2418501086817289,
    -0.26475635761677735,
    -1.3306926749914039,
    0.23167659602573334,
    0.13253178575741281,
    -0.5187531135050707,
    -0.14872167024686797,
    -1.1694963288818017,
    -0.040976646732211408,
    1.3019655538632691,
    -1.4286786540166097,
    -3.3227905079666926,
    -0.7252342279060533,
    -2.8881484571925715,
    -1.9811386555171551,
    -1.2706281151404735,
    -3.189969816543377,
    -0.38853059683833968,
    1.3770930143363316,
    -2.3440075765012121,
    -0.52795666202901537,
    -1.190866844213758,
    6.0852115506805013,
    1.319413831805315,
    -5.0745212810547553,
    0.64008457354925075,
    -1.3587566236576158,
    0.51253960559256406,
    -5.4566407140900921,
    -2.7115328582311555,
    -0.333219471235205,
    2.3983951000728911,
    0.47514564003994308,
    -5.2314927833987257,
    -2.5708674097192636,
    0.12189515965215779,
    2.3690511956101723,
    -2.9332419181607681,
    -0.72378375514533277,
    -4.0776688740456253,
    -0.91388304649439389,
    -0.043760309347681138,
    -1.201266922145467,
    -0.64913498507029321,
    0.42459747115996282,
    2.1680585420814342,
    0.35544001825403482,
    6.820916214669329,
    -3.564951979286449,
    19.858928396788517,
    2.9090599187265389,
    -0.74160605616386288,
    6.6295597401135762,
    -6.2222903163640266,
    0.27041011258815312,
    -16.232687239630273,
    -0.06231051414713587,
    -1.0721976457744797,
    0.67900443963846646,
    1.9165347344289942,
    -0.64113464605572479,
    3.3515971544560812,
    -1.7882280603715885,
    -0.7836090775479273,
    -3.857508788132626,
    4.5053877662543833,
    -10.462161829838964,
    16.819160413456714,
    2.4785568345290541,
    -2.6628122353389849,
    4.6999143506147645,
    -3.627100812885939,
    4.177962411574252,
    -8.5439759248856273,
    -1.5244370059443664,
    3.0092640120357736,
    1.4448202108390154,
    0.65188268018219109,
    -0.64529245882265851,
    0.66088655506078942,
    0.10875855798970596,
    -2.0549351131416649,
    -1.3872111319321772
  ],
  "attractor": [
    0.5260188727361389,
    0.017068984740429186,
    0.081049606980891462
  ],
  "att_all": [
    0.5260188727361389,
    0.017068984740429186,
    0.081049606980891462
  ],
  "dt": 0.0010039806365966797,
  "gripper_open": 0
}