{
    "name": "DAMM",
    "K": 5,
    "M": 3,
    "Priors": [
        3106.0,
        2482.0,
        2294.0,
        1985.0,
        1000.0
    ],
    "Mu": [
        0.31689803559973667,
        0.1034995188926671,
        0.49113552140466693,
        0.35608997143530235,
        0.3404192610706678,
        0.3700084341589183,
        0.46118502744302176,
        0.2818096654279311,
        0.19090393293799915,
        0.5753133103185423,
        0.037564129273194816,
        0.10811178502925595,
        0.5964441199678139,
        -0.055809717702003936,
        0.08389508208122654
    ],
    "Sigma": [
        0.001087751072488695,
        0.0004362622918194173,
        1.8303304952693113e-05,
        0.0004362622918194173,
        0.00814448623367672,
        -0.00026510005102166437,
        1.8303304952693113e-05,
        -0.00026510005102166437,
        0.0001086491104545771,
        0.0014521039488376705,
        0.0006450237855624006,
        -0.0011519830886066815,
        0.0006450237855624006,
        0.0008458261531863591,
        -0.0014068975805043961,
        -0.0011519830886066815,
        -0.0014068975805043961,
        0.003060305505526449,
        0.001902425585352237,
        -0.0022417472494667325,
        -0.001439753313859594,
        -0.0022417472494667325,
        0.003687351701358645,
        0.002280877181499984,
        -0.001439753313859594,
        0.002280877181499984,
        0.001877085115335268,
        0.00045377944346652394,
        -0.0013515388075065482,
        -0.00031923966457036935,
        -0.0013515388075065482,
        0.00463502045595551,
        0.0008354976779099515,
        -0.00031923966457036935,
        0.0008354976779099515,
        0.00038042937618859915,
        9.842844451422827e-07,
        3.019417547962677e-06,
        3.4230007033250827e-07,
        3.019417547962677e-06,
        2.69808182769755e-05,
        -5.54288122879355e-06,
        3.4230007033250827e-07,
        -5.54288122879355e-06,
        2.9249409551028465e-06
    ],
    "A": [
        -4.162093662007621,
        1.3871570121693653,
        1.1839158821218028,
        1.3871570121693653,
        -3.787847051074412,
        -3.1835505489843525,
        1.1839158821218028,
        -3.1835505489843525,
        -6.443095627127852,
        -0.05506106383229396,
        -8.46272516236353,
        -1.2699265593310392,
        0.7177033932684364,
        -3.47222059864157,
        -0.450401184784063,
        -0.05578327252050759,
        -2.467766769847539,
        -1.0543075329845821,
        -0.4182950105720825,
        -1.0677068507322347,
        0.048043475016910316,
        0.2601157728470322,
        -1.400945949779078,
        -0.14024182170345062,
        -0.3730155440907254,
        1.6055280183377205,
        -0.602304849760151,
        -0.0401682270209313,
        -0.05787654571458481,
        -0.10012238374054074,
        -0.030145119108831758,
        -0.018332897091387957,
        -0.2825280687558429,
        0.004699853315511181,
        0.34368962764099475,
        0.020095587352499552,
        -0.22839918092822642,
        -0.1408419643180026,
        0.15019352778353368,
        0.14802080324508143,
        -0.5953646635933428,
        -0.12049509959410468,
        -0.2039465247119609,
        0.9476922281752748,
        -0.21366249223222047
    ],
    "attractor": [
        0.5972444064613968,
        -0.0523453896592548,
        0.08362873772590745
    ],
    "att_all": [
        0.5972444064613968,
        -0.0523453896592548,
        0.08362873772590745
    ],
    "dt": 0.0029969215393066406,
    "gripper_open": 1
}