{
    "name": "DAMM",
    "K": 10,
    "M": 3,
    "Priors": [
        778.0,
        753.0,
        672.0,
        855.0,
        2020.0,
        1891.0,
        397.0,
        590.0,
        1015.0,
        1078.0
    ],
    "Mu": [
        0.4342412372747092,
        -0.443907193889443,
        0.2873294055485157,
        0.5181122084359349,
        -0.30632015105380084,
        0.33078571775100263,
        0.6025797817485495,
        -0.15572912801195166,
        0.30375463709112355,
        0.5660403021419826,
        -0.02776403168854593,
        0.19906944257926992,
        0.5295057656641377,
        0.01875113453952573,
        0.10499456462652669,
        0.5244942600261991,
        0.017057610251857164,
        0.07964322398447801,
        0.6891327629927944,
        -0.36125528453105227,
        0.26879446376387683,
        0.5485785292650879,
        0.3356827612936204,
        0.23764410150516438,
        0.5910884846424168,
        0.09437541423665964,
        0.2335593002583841,
        0.6399580087725862,
        0.31618930246267946,
        0.35074916139160395
    ],
    "Sigma": [
        0.0027066617967149093,
        0.00033740470975075233,
        0.0004143673656605685,
        0.00033740470975075233,
        0.00042826264863590204,
        0.0002529936153186186,
        0.0004143673656605685,
        0.0002529936153186186,
        0.00019676221038163308,
        0.0011474129166806118,
        0.0014529140541010446,
        0.0005283555346432449,
        0.0014529140541010446,
        0.0035829490337331883,
        0.00010682069411270224,
        0.0005283555346432449,
        0.00010682069411270224,
        0.0005029312837968,
        0.002062066110744106,
        -0.0016296407145970863,
        0.00034616632173917997,
        -0.0016296407145970863,
        0.0027982163087259446,
        -0.0007982650012851797,
        0.00034616632173917997,
        -0.0007982650012851797,
        0.00040368763158411624,
        0.0006903362771811526,
        -0.000735904121131852,
        0.000583524848324931,
        -0.000735904121131852,
        0.000987705304283505,
        -0.0009209452595963894,
        0.000583524848324931,
        -0.0009209452595963894,
        0.0017125134561189164,
        9.566843815037989e-05,
        -8.051670011631577e-06,
        0.00015564740891913146,
        -8.051670011631577e-06,
        4.7819948140846025e-05,
        1.7128947818619003e-05,
        0.00015564740891913146,
        1.7128947818619003e-05,
        0.0004195518406044119,
        3.8683922744656e-06,
        6.434057782804055e-07,
        2.159644719054114e-06,
        6.434057782804055e-07,
        2.014842773258084e-06,
        1.0481329098169718e-06,
        2.159644719054114e-06,
        1.0481329098169718e-06,
        1.964502607311326e-06,
        2.7572448392836424e-05,
        -0.00018738461998150604,
        -0.00015261476289212214,
        -0.00018738461998150604,
        0.0015011398896509097,
        0.0013173972773751032,
        -0.00015261476289212214,
        0.0013173972773751032,
        0.0011961682043021941,
        0.001190974720863585,
        -0.0026431087842356455,
        0.0003841780364284761,
        -0.0026431087842356455,
        0.00613342001968435,
        -0.0007935929694386903,
        0.0003841780364284761,
        -0.0007935929694386903,
        0.00013769924945883144,
        0.0007028512734049384,
        0.0009234714523940857,
        0.0012556802965146712,
        0.0009234714523940857,
        0.0017539676094306587,
        0.0021094706006291567,
        0.0012556802965146712,
        0.0021094706006291567,
        0.0028989466080134945,
        0.003888189583785048,
        -0.0016347308940682392,
        8.89586512751752e-05,
        -0.0016347308940682392,
        0.006603233275937324,
        -0.0012979832170552034,
        8.89586512751752e-05,
        -0.0012979832170552034,
        0.0005368304919278313
    ],
    "A": [
        -2.689860354809317,
        -0.05325833676703335,
        1.8391226804229308,
        -0.05325833676703335,
        -4.102813214907754,
        0.3081405527708309,
        1.8391226804229308,
        0.3081405527708309,
        -7.567262869523558,
        -0.8105566725419132,
        -1.7135041307486725,
        5.32894182242832,
        0.9650208892916129,
        -4.857473711190465,
        1.1776365767872872,
        -1.4884639113710698,
        0.42306672952888774,
        -5.353572896086994,
        -3.379958036194341,
        -4.42398510643748,
        -2.770340144386297,
        -0.9117198328705605,
        -6.475478032534996,
        -1.3361207157273747,
        0.108857734360469,
        0.5451066306467315,
        -1.682890707542804,
        -0.9633674709741846,
        0.03969147901001229,
        0.9143353310185274,
        2.502732621544917,
        -4.513281797315858,
        1.988980300094585,
        -1.7368796020087789,
        0.9974326765561947,
        -3.2319073174491324,
        -1.8280555098576885,
        -0.8655041829604416,
        -0.7845249238064821,
        -0.4901302852543166,
        -1.5613353895614939,
        -1.5891358397116706,
        0.14423528412504968,
        0.7125446803024772,
        -1.664105172348103,
        0.661588768145452,
        -8.785741398372622,
        11.137569222258136,
        0.5981447510771558,
        -2.8283574602074193,
        3.527716220414469,
        -0.7009892719430513,
        5.768702019574153,
        -8.719999397570625,
        -1.7102132317833978,
        0.144761170200701,
        1.6587320154892884,
        -0.09211346021146215,
        -0.7260425482665491,
        -1.5210115674218585,
        0.4940882563401574,
        0.43350059930738233,
        -1.8022048615709294,
        -1.007347859539119,
        1.3400745637503761,
        -0.6776498642869376,
        0.12282744647239505,
        0.2558965753376658,
        0.9660968722295509,
        0.3838391907740615,
        -1.947519072302862,
        -0.434253506202788,
        -0.4986537736120378,
        -2.845615358339427,
        -1.032895123327114,
        -0.032959245758228436,
        -0.8703552230956924,
        -0.7023009727261229,
        0.24590816715159453,
        1.7203392819650158,
        0.3457418726001257,
        -0.6586995344278329,
        -0.07184333880444752,
        0.013888393583476419,
        0.02704840579139655,
        -0.11206330729874603,
        -0.11760704154513621,
        0.191281173176789,
        0.17056696307495142,
        0.006791430953057103
    ],
    "attractor": [
        0.5260188727361389,
        0.017068984740429186,
        0.08104960698089146
    ],
    "att_all": [
        0.5260188727361389,
        0.017068984740429186,
        0.08104960698089146
    ],
    "dt": 0.0010039806365966797,
    "gripper_open": 1
}