{
    "name": "DAMM",
    "K": 4,
    "M": 3,
    "Priors": [
        0.3258111734569407,
        0.30226884606001464,
        0.18028787509148572,
        0.19163210539155892
    ],
    "Mu": [
        0.6050501954402234,
        0.5828736782230978,
        0.5983655331870729,
        0.5811910217620302,
        -0.31663157325828817,
        -0.29787800991738456,
        0.04299282704133604,
        0.37404860626246034,
        0.06878085392694003,
        0.2353398183652111,
        0.35223409227688124,
        0.15534031026223247
    ],
    "Sigma": [
        0.00029952561859043205,
        0.0,
        0.0,
        0.0,
        0.00029952561859043205,
        0.0,
        0.0,
        0.0,
        0.00029952561859043205,
        0.0032507855847297364,
        1.219772569123575e-05,
        -0.00014847037044881203,
        1.2197725691235836e-05,
        0.0034992062987428112,
        0.00044260521669313674,
        -0.00014847037044881197,
        0.0004426052166931367,
        0.0042357147075865,
        0.02018028745758774,
        5.7223183096867364e-05,
        -0.00021775904908979613,
        5.7223183096867364e-05,
        0.02702446762170302,
        0.00011136930191088808,
        -0.00021775904908979672,
        0.0001113693019108881,
        0.01974117426862228,
        0.0068032382671483075,
        -0.0003138245352295601,
        -5.7991599960408686e-05,
        -0.0003138245352295602,
        0.006236614555841934,
        -0.00029289696919399693,
        -5.799159996040867e-05,
        -0.000292896969193997,
        0.009225783197534905
    ],
    "Prior": [
        0.19163210539155892,
        0.18028787509148572,
        0.30226884606001464,
        0.3258111734569407
    ],
    "A": [
        -3.0639979326951092,
        0.09004692850268495,
        0.42077908431812355,
        0.09004692850268495,
        -1.434691837211583,
        0.5756050629240642,
        0.42077908431812355,
        0.5756050629240642,
        -6.787464808383743,
        -1.4593390492041254,
        -0.5807914781256335,
        -0.593044841161886,
        -0.9522350814715951,
        -2.12817889496293,
        3.474753456861622,
        0.010356378501394444,
        -0.5958440924672139,
        -1.873994055190484,
        -0.34591427988107837,
        -0.43410456177411594,
        -0.045128040579427445,
        0.07879452541336418,
        -0.6422412938455849,
        0.3579919259993031,
        -0.08765628720879434,
        -0.7094533757888081,
        -0.5143506954160237,
        -0.13655864702326362,
        0.17545330744499205,
        -0.6804255892173424,
        -0.02807444684552246,
        -0.0010405592758176772,
        0.24992671928869115,
        0.20453336043648787,
        -0.26196943835258557,
        0.012682195401884078
    ],
    "attractor": [
        0.6050501954402234,
        -0.31663157325828817,
        0.06878085392694003
    ],
    "att_all": [
        0.6050501954402234,
        -0.31663157325828817,
        0.06878085392694003
    ],
    "dt": 0.0010182857513427734,
    "gripper_open": 0
}