{
    "name": "DAMM",
    "K": 3,
    "M": 3,
    "Priors": [
        182.0,
        246.0,
        239.0
    ],
    "Mu": [
        0.6143291184568093,
        -0.28616594502282394,
        0.2816800045721172,
        0.5724106473363394,
        -0.023802039259371393,
        0.4867367138388459,
        0.5299849565909935,
        0.16418760550419906,
        0.252096271682796
    ],
    "Sigma": [
        0.00018110339669910301,
        -0.00030102027186031246,
        -0.0008391011201032869,
        -0.00030102027186031246,
        0.000922084866167599,
        0.0028625104278203616,
        -0.0008391011201032869,
        0.0028625104278203616,
        0.010105967807497417,
        0.00023975708591905676,
        -0.0010325923291924506,
        1.8835905515245582e-05,
        -0.0010325923291924506,
        0.014051614098137672,
        -0.0006313489249653777,
        1.8835905515245582e-05,
        -0.0006313489249653777,
        0.000534028155648485,
        9.668533188680499e-05,
        0.00014818625600352875,
        0.0007645143876125847,
        0.00014818625600352875,
        0.00039299432187704745,
        0.0013237380137811868,
        0.0007645143876125847,
        0.0013237380137811868,
        0.008750183188479246
    ],
    "A": [
        -1.4725503095369163,
        -0.8079002882419274,
        0.18462882571336092,
        -0.8079002882419274,
        -0.9537729976316927,
        -0.22817405453073528,
        0.18462882571336092,
        -0.22817405453073528,
        -1.735700271534015,
        -0.615400974331666,
        -0.1783192536019564,
        -0.05114371230088843,
        0.3168790961412675,
        -0.2558407100212759,
        0.571317243667621,
        0.45355498172243586,
        -1.15197374171064,
        -0.5540565162962514,
        -0.659333689186506,
        -0.22434707731777107,
        -0.3536890190915,
        -0.2814210958815007,
        -0.049045186757481284,
        0.4981823191178025,
        -0.0397236619847277,
        -0.801836538629028,
        -0.12702490048297752
    ],
    "attractor": [
        0.5221179069155409,
        0.12379167083265134,
        0.0974666009872519
    ],
    "att_all": [
        0.5221179069155409,
        0.12379167083265134,
        0.0974666009872519
    ],
    "dt": 0.017000675201416016,
    "gripper_open": 1
}