{
    "name": "DAMM",
    "K": 3,
    "M": 3,
    "Priors": [
        140.0,
        180.0,
        219.0
    ],
    "Mu": [
        0.430759622881647,
        0.41054435093643793,
        0.24157760821430319,
        0.5073863596909277,
        0.12118522213912462,
        0.44037231908305763,
        0.5658167491038643,
        -0.15127463014606093,
        0.2869056856991532
    ],
    "Sigma": [
        0.001994032348025259,
        -0.00017436492688176775,
        0.0011474315703383095,
        -0.00017436492688176775,
        0.0017699994433782434,
        -0.003611053448473004,
        0.0011474315703383095,
        -0.003611053448473004,
        0.0087917909929546,
        0.002867206618379363,
        -0.0026454556476992177,
        -0.0004637376761752744,
        -0.0026454556476992177,
        0.01363157147548517,
        -0.0006056912302033992,
        -0.0004637376761752744,
        -0.0006056912302033992,
        0.0004908723567735847,
        0.0011433243054652566,
        -0.0011491805390025842,
        -0.002198312925844955,
        -0.0011491805390025842,
        0.0017111453681858573,
        0.0031075937902006966,
        -0.002198312925844955,
        0.0031075937902006966,
        0.005750444684670487
    ],
    "A": [
        -0.4725439791707765,
        0.23408169659556155,
        0.23004910080011196,
        0.23408169659556155,
        -1.1467190383333727,
        0.14795746599208778,
        0.23004910080011196,
        0.14795746599208778,
        -1.291307206028613,
        -0.47411510512877053,
        0.22915931763140282,
        -0.25941189923900054,
        -0.3434656680024279,
        -0.43453387222251205,
        -0.5055803703213755,
        -0.2081733048940924,
        0.7464170671303454,
        -0.9289737316019185,
        -0.05721416083824187,
        0.06162098240294931,
        -0.14069583270266814,
        -0.1639565943158309,
        -0.14484988926104467,
        -0.4219922528434583,
        -0.14507575359228633,
        0.3987491873953989,
        -0.35307847951377763
    ],
    "attractor": [
        0.618643657121288,
        -0.22427055708321791,
        0.1515646349089439
    ],
    "att_all": [
        0.618643657121288,
        -0.22427055708321791,
        0.1515646349089439
    ],
    "dt": 0.016990423202514652,
    "gripper_open": 1
}