{
    "name": "DAMM",
    "K": 11,
    "M": 3,
    "Priors": [
        0.02607224599462633,
        0.06607622649019802,
        0.06289183003283909,
        0.06219524330779182,
        0.08528211762364414,
        0.20191063787441538,
        0.18748134142700768,
        0.039506418549109364,
        0.09393969549208876,
        0.09752214150661757,
        0.07712210170166185
    ],
    "Mu": [
        0.36849973002256764,
        -0.4559397943338671,
        0.2771619076994473,
        0.47175062605081225,
        -0.42579796176299567,
        0.2995201414195293,
        0.5276070022180025,
        -0.28301198770294295,
        0.3323176851625643,
        0.6048127717052924,
        -0.15679023649202217,
        0.3037162467153767,
        0.5670536654615461,
        -0.02975259329448014,
        0.20203144396610787,
        0.5292759142557611,
        0.018612798176141514,
        0.10483725662881198,
        0.524504778377333,
        0.01705072622558332,
        0.07964149876562839,
        0.6891327629927944,
        -0.36125528453105227,
        0.26879446376387683,
        0.553810115166541,
        0.35323953029182936,
        0.2792609041817636,
        0.5881858239859586,
        0.08954885357417387,
        0.2263396529729951,
        0.6752139154990158,
        0.27594667629130115,
        0.35141338321341614
    ],
    "Sigma": [
        0.0002720531880172713,
        0.0001918736788865095,
        0.00010937328730450504,
        0.0001918736788865095,
        0.00013606784644506928,
        7.714751356151445e-05,
        0.00010937328730450504,
        7.714751356151445e-05,
        4.3972142669828864e-05,
        0.0007187061854973784,
        -3.8497676894568175e-06,
        0.0002334478997987697,
        -3.8497676894568175e-06,
        0.0008896534476633822,
        0.0004779687125204546,
        0.0002334478997987697,
        0.0004779687125204546,
        0.00037118696510450377,
        0.0009629943166552797,
        0.001199322016600928,
        0.00048095041857438875,
        0.001199322016600928,
        0.0029037831299145913,
        -2.343760833131351e-05,
        0.00048095041857438875,
        -2.343760833131351e-05,
        0.0005514608647950046,
        0.0021037660324455553,
        -0.0017394319862461152,
        0.00038118387873652473,
        -0.0017394319862461152,
        0.0027763540023719438,
        -0.0007474213363067862,
        0.00038118387873652473,
        -0.0007474213363067862,
        0.00035379922464102905,
        0.0006960358555568424,
        -0.0007449399531154877,
        0.0005708634437145461,
        -0.0007449399531154877,
        0.0010281788779662778,
        -0.0009591648243739052,
        0.0005708634437145461,
        -0.0009591648243739052,
        0.001732956482588084,
        8.710336355937162e-05,
        -9.860891704345868e-06,
        0.00014524056017842436,
        -9.860891704345868e-06,
        4.8942884913075745e-05,
        1.3496674658553085e-05,
        0.00014524056017842436,
        1.3496674658553085e-05,
        0.0004145781472330805,
        3.800681020948464e-06,
        6.490327287667593e-07,
        2.1439517700030615e-06,
        6.490327287667593e-07,
        1.9999836715430088e-06,
        1.0408849139276917e-06,
        2.1439517700030615e-06,
        1.0408849139276917e-06,
        1.9538665446732826e-06,
        2.7572448392836424e-05,
        -0.00018738461998150604,
        -0.00015261476289212214,
        -0.00018738461998150604,
        0.0015011398896509097,
        0.0013173972773751032,
        -0.00015261476289212214,
        0.0013173972773751032,
        0.0011961682043021941,
        0.00093166126771963,
        -0.001779217687243059,
        0.0007025338221130565,
        -0.001779217687243059,
        0.004821914577081009,
        0.00043398397849131584,
        0.0007025338221130565,
        0.00043398397849131584,
        0.0029562097728208178,
        0.0005975658874631112,
        0.0008094179358277723,
        0.001049563141163003,
        0.0008094179358277723,
        0.00161219412519467,
        0.001834727508596595,
        0.001049563141163003,
        0.001834727508596595,
        0.0024512507692513695,
        0.0012738845193390495,
        0.0018422541334952092,
        -0.00010626732632530665,
        0.0018422541334952092,
        0.006488145893674474,
        -0.0013183602331892836,
        -0.00010626732632530665,
        -0.0013183602331892836,
        0.000710851460077103
    ],
    "A": [
        -3.9919008908517832,
        -0.2512418549164192,
        3.1430266098949216,
        -0.2512418549164192,
        -4.125371482204604,
        0.6288654615758478,
        3.1430266098949216,
        0.6288654615758478,
        -8.67350531281132,
        -0.8407199016158636,
        -1.7439461064649913,
        5.284968643909063,
        0.9584888696216798,
        -4.962663734792541,
        1.1428126080871357,
        -1.4682457917323493,
        0.4050946245674651,
        -5.339668430861854,
        -3.4481404047165283,
        -3.858402020918134,
        -2.7974831970857292,
        -0.809534223345581,
        -6.269424452071521,
        -1.395176678301281,
        0.18925993658667578,
        0.401106114305912,
        -1.6599319369283076,
        -0.029713708876408555,
        -2.7433235532488127,
        0.7428794851351097,
        2.4818578364904367,
        -3.895753688702321,
        1.9183498672999573,
        -2.149832941034258,
        1.7816108184462174,
        -3.2514636535364176,
        -1.7134835068022625,
        -0.9047116574974698,
        -0.8894122292100434,
        -0.3260008088528313,
        -1.5439261907510757,
        -1.6958387298878739,
        0.2181259517151206,
        0.7226925697512102,
        -1.7060341359687756,
        0.05640441743858238,
        -4.871872394853583,
        1.9585218936261841,
        0.5004263976811036,
        -1.2946458951811328,
        0.42724784467981236,
        -0.4363008564987361,
        1.89844483263005,
        -0.7335649316607297,
        -1.0596014894470107,
        0.6625741593604305,
        2.6844515422096245,
        -0.3769060242208325,
        -0.6914504594863854,
        -2.0275051855510586,
        0.18526733097062223,
        0.5648397686437289,
        -2.449623202329944,
        -3.1620492941774527,
        6.9333162336039535,
        2.146438123171559,
        1.1308100678572732,
        -1.7946689616926494,
        0.40446212432414436,
        0.6198951831190482,
        -3.2560280941215574,
        -1.5433352564879463,
        -0.5031117380564329,
        -3.2265145527533674,
        -0.5062374711194886,
        -0.04249742585827802,
        -0.9927045264291837,
        -0.5451931223192891,
        0.22672882359767244,
        1.8062890267021758,
        0.20407084110589568,
        -1.3546136941359028,
        -0.07847121244467768,
        -0.24107316773049867,
        0.08321867175560099,
        -0.18559265442848488,
        -0.10222488263954264,
        0.2639068873521785,
        0.25101645092873004,
        0.05777123464173464,
        0.15398245899623633,
        7.7365023285545895,
        7.400454675341892,
        -0.6869657146643626,
        -4.188706045098676,
        -4.715856143695697,
        -0.9284577566484038,
        -3.4192868309374513,
        -5.176826179017587
    ],
    "attractor": [
        0.5260188727361389,
        0.017068984740429186,
        0.08104960698089146
    ],
    "att_all": [
        0.5260188727361389,
        0.017068984740429186,
        0.08104960698089146
    ],
    "dt": 0.0010039806365966797,
    "gripper_open": 1
}