{
    "name": "DAMM",
    "K": 2,
    "M": 3,
    "Priors": [
        0.44661654135338347,
        0.5533834586466165
    ],
    "Mu": [
        0.43453774449391586,
        0.31929187454973335,
        0.33277177992631624,
        0.42790494182108474,
        -0.014305593622247956,
        0.09569913109430192
    ],
    "Sigma": [
        0.0006121001542267716,
        0.0005146442351919203,
        0.0019834347085489886,
        0.0005146442351919203,
        0.001241598154542879,
        0.004073078703937718,
        0.0019834347085489886,
        0.004073078703937718,
        0.018995021855734602,
        0.0006790165650761804,
        -0.0007253219643163165,
        -0.0002824446667337731,
        -0.0007253219643163165,
        0.043744713020151545,
        0.0017714288338999394,
        -0.0002824446667337731,
        0.0017714288338999394,
        0.0003728900549848307
    ],
    "A": [
        -4.19493506646595,
        1.0002820541966482,
        -0.6462962534469464,
        1.0002820541966482,
        -1.9830319532533687,
        0.22536769540101131,
        -0.6462962534469464,
        0.22536769540101131,
        -0.671966406877609,
        -0.29056933987425776,
        0.00044362084201268395,
        0.03698892734722035,
        -0.49904056027121657,
        -0.21473098285387504,
        0.43789668417294775,
        -0.1850239014587756,
        -0.1847788024405827,
        -0.4248065185469251
    ],
    "attractor": [
        0.3824911739781331,
        -0.36988954834357163,
        0.08241239766028984
    ],
    "att_all": [
        0.3824911739781331,
        -0.36988954834357163,
        0.08241239766028984
    ],
    "dt": 0.01605510711669922,
    "gripper_open": 1
}