{
    "name": "DAMM",
    "K": 5,
    "M": 3,
    "Priors": [
        280.0,
        350.0,
        525.0,
        227.0,
        411.0
    ],
    "Mu": [
        0.6211750543096572,
        0.4426370328785331,
        0.2406579580463993,
        0.7138278390726143,
        0.20883963834580924,
        0.34720756336323944,
        0.7689699577848742,
        -0.006558141143248072,
        0.14530329287170934,
        0.7681160998644494,
        -0.04330481947599843,
        0.2607744819799528,
        0.6641382295413729,
        -0.2942675430543045,
        0.3178600794420304
    ],
    "Sigma": [
        0.0014282448607763666,
        -0.0004539532262943456,
        0.0004387803814007333,
        -0.0004539532262943456,
        0.0008470774855258528,
        -0.0017085384483931053,
        0.0004387803814007333,
        -0.0017085384483931053,
        0.004293767309007647,
        0.0017489284807666616,
        -0.003484604975988067,
        -0.0005449902960099193,
        -0.003484604975988067,
        0.010284333484329828,
        0.0013154906826186657,
        -0.0005449902960099193,
        0.0013154906826186657,
        0.0004104502140291761,
        0.00033850892299932547,
        -0.00022974751186828282,
        6.014239648237451e-05,
        -0.00022974751186828282,
        0.0003506282264752254,
        0.0006640860045718297,
        6.014239648237451e-05,
        0.0006640860045718297,
        0.005242148572470217,
        0.0005242817868424283,
        0.00029817873945731446,
        -0.0016687679982271375,
        0.00029817873945731446,
        0.0009870439644379667,
        -0.0022612963136885013,
        -0.0016687679982271375,
        -0.0022612963136885013,
        0.010115847227391086,
        0.0014581692142002036,
        0.0032343631038062185,
        0.0027757148918829398,
        0.0032343631038062185,
        0.008317193264444094,
        0.005848977103100034,
        0.0027757148918829398,
        0.005848977103100034,
        0.006469860662491391
    ],
    "A": [
        -3.0656866118082364,
        -0.5338397379507933,
        0.3385077946353415,
        -0.5338397379507933,
        -3.4222585753759085,
        -0.20275356368860917,
        0.3385077946353415,
        -0.20275356368860917,
        -1.8928030450349813,
        -1.1073186114691778,
        -0.2581036521030309,
        4.979925550007799,
        0.40758162247241814,
        -0.1838263759887949,
        -0.4411104476791455,
        -0.34753046367220475,
        -1.127224912918126,
        -1.4631673121403803,
        -0.13944361223203136,
        0.9489914842449526,
        1.6765022552016584,
        0.05908270678894275,
        -0.47690903268179374,
        -0.9656034984631185,
        0.08608007352281327,
        -0.2973596805620177,
        -0.9894746137578713,
        -0.4482028811453277,
        -1.3258186299389734,
        -1.6652670367914892,
        0.28091627626768095,
        -0.6493481197432622,
        0.48086340964446356,
        0.05057489062829962,
        0.7952491532054445,
        -0.7984116418933437,
        -0.23660613527182375,
        0.031419337672315424,
        -0.249844060220438,
        0.060635011585498305,
        -0.054663344116119825,
        0.39942587351998066,
        0.16245071578014844,
        -0.7562611436747328,
        -0.5204470404761284
    ],
    "attractor": [
        0.6028251936540227,
        -0.3830791735068759,
        0.14272058373131216
    ],
    "att_all": [
        0.6028251936540227,
        -0.3830791735068759,
        0.14272058373131216
    ],
    "dt": 0.015015602111816406,
    "gripper_open": 1
}