{
    "name": "DAMM",
    "K": 3,
    "M": 3,
    "Priors": [
        0.36009353078721745,
        0.4341387373343726,
        0.20576773187840997
    ],
    "Mu": [
        0.6092282289108647,
        -0.3391943609819772,
        0.0832451941591613,
        0.6093971993560405,
        -0.13936485038788418,
        0.3552612763249587,
        0.5309325112384151,
        0.32095258889714223,
        0.22102676375842684
    ],
    "Sigma": [
        0.010305669738361766,
        0.0,
        0.0,
        0.0,
        0.010305669738361766,
        0.0,
        0.0,
        0.0,
        0.010305669738361766,
        0.03512013142038936,
        0.0020534620672098985,
        -0.001014884036811245,
        0.0020534620672098976,
        0.04272330818210525,
        -0.0059824739712551625,
        -0.001014884036811244,
        -0.005982473971255162,
        0.041642516912212234,
        0.01653691551244318,
        0.00014038946859936375,
        -0.0018611280760779361,
        0.00014038946859936373,
        0.016858511626080243,
        0.001949432748899635,
        -0.0018611280760779372,
        0.0019494327488996353,
        0.02122660029431333
    ],
    "Prior": [
        0.20576773187840997,
        0.4341387373343726,
        0.36009353078721745
    ],
    "A": [
        -13.233874934767359,
        3.6675197130513353,
        0.20769977297165604,
        3.6675197130513353,
        -1.721216482284412,
        1.0696856632492067,
        0.20769977297165604,
        1.0696856632492067,
        -4.9841023394619315,
        -3.1420380762962323,
        0.7316080999811994,
        2.5134018120538215,
        0.6142200035201375,
        -1.576395152693637,
        1.9509273084745231,
        -0.5820884142704974,
        -0.3630794519273662,
        -0.1354098782055877,
        0.010442472827038009,
        -0.08797449587627687,
        0.3094678983482915,
        0.2042138172957978,
        -0.30047871085861827,
        -0.32336328928148195,
        -0.4622540412103794,
        0.5240110917265373,
        -0.7081255489021439
    ],
    "attractor": [
        0.6092282289108647,
        -0.3391943609819772,
        0.0832451941591613
    ],
    "att_all": [
        0.6092282289108647,
        -0.3391943609819772,
        0.0832451941591613
    ],
    "dt": 0.007058143615722656,
    "gripper_open": 0
}