{
  "name": "0",
  "K": 5,
  "M": 3,
  "Priors": [
    0.32459136374725545,
    0.29690168333739936,
    0.15796535740424494,
    0.12600634301049035,
    0.0945352525006099
  ],
  "Mu": [
    0.58120130156900818,
    0.37425813179943335,
    0.15466253035245853,
    0.59870403859012167,
    0.049926780454995351,
    0.35260946699660406,
    0.58047913347519409,
    -0.29000387076548539,
    0.25569774363109327,
    0.59995956653458438,
    -0.31713720434780629,
    0.10037288511849896,
    0.60506403100105088,
    -0.31531242636082041,
    0.067008397741118761
  ],
  "Sigma": [
    0.000869051596747494,
    -0.00030873894299060235,
    -0.00012278928847107636,
    -0.00030873894299060235,
    0.0003446465369748546,
    -0.00082207046480213628,
    -0.00012278928847107636,
    -0.00082207046480213628,
    0.0090824809451591649,
    0.00064955779850498212,
    7.9590014081312412E-5,
    -0.00022341285605192518,
    7.9590014081312412E-5,
    0.026251782431866249,
    0.00027551974003188929,
    -0.00022341285605192518,
    0.00027551974003188929,
    0.0002090908058464243,
    0.00024877277870799123,
    -7.29592138451214E-5,
    -0.00027469050070767038,
    -7.29592138451214E-5,
    0.0011989333770897105,
    0.0015666900881625564,
    -0.00027469050070767038,
    0.0015666900881625564,
    0.002697904618887794,
    2.6562427640214927E-5,
    2.6526503575698069E-6,
    -0.00010649796124987067,
    2.6526503575698069E-6,
    2.7502118295857781E-5,
    -0.00011808062974749248,
    -0.00010649796124987067,
    -0.00011808062974749248,
    0.00095328945844787055,
    5.9482895475393781E-8,
    -1.9896247046416113E-7,
    4.1351538993129887E-7,
    -1.9896247046416113E-7,
    2.8999788416772858E-6,
    -4.202612269897753E-6,
    4.1351538993129887E-7,
    -4.202612269897753E-6,
    6.4909292993232486E-6
  ],
  "A": [
    -0.015200497608951367,
    0.012085144409489925,
    -0.034954956412204169,
    0.012085144409489925,
    -0.14950428928337342,
    0.1861868950439855,
    -0.034954956412204169,
    0.1861868950439855,
    -0.27508232668017274,
    -0.091462405989390552,
    -0.54183806631240938,
    -0.58314022946309885,
    0.0068613809690666839,
    -0.32403773559996174,
    0.53404062207056513,
    0.024930254775655771,
    -0.94556241293714738,
    -0.73868189198489087,
    -1.3333031660339023,
    -0.81582202308725527,
    -0.50767809385279317,
    -0.89101730277548452,
    -1.9399977038273915,
    3.1247261800317991,
    0.010323294685468469,
    -0.686164728592177,
    -1.731979349048282,
    -4.5086131531650526,
    -1.7344854145139643,
    -5.5157112948463212,
    -0.8903474010689415,
    -3.1352040315008889,
    -11.583397290057031,
    -0.15617594258858833,
    0.046225564670194355,
    -5.9978237274146986,
    -5.8761840647734491,
    15.442239469325648,
    42.013907513078074,
    -0.68424796950933853,
    -6.7750725100493758,
    -26.662232795141968,
    -0.83403937846935872,
    -1.7147376020045682,
    -24.444034092811869
  ],
  "attractor": [
    0.60505019544022343,
    -0.31663157325828817,
    0.068780853926940028
  ],
  "att_all": [
    0.60505019544022343,
    -0.31663157325828817,
    0.068780853926940028
  ],
  "dt": 0.0010182857513427734,
  "gripper_open": 0
}