{
    "name": "DAMM",
    "K": 5,
    "M": 3,
    "Priors": [
        3642.0,
        2634.0,
        2117.0,
        2309.0,
        2672.0
    ],
    "Mu": [
        0.42975548949029346,
        -0.09987127038955214,
        0.5328628268019087,
        0.37712768828567284,
        -0.3353024853026052,
        0.41795433057202147,
        0.4073427548697794,
        -0.2541809702103983,
        0.251179284961307,
        0.4605159238836077,
        -0.056420801377503875,
        0.21504097042621717,
        0.4543143342381552,
        -0.011071930787698152,
        0.0923312892000437
    ],
    "Sigma": [
        0.0012662808174925726,
        0.0015771384079685832,
        -0.00029358245375898896,
        0.0015771384079685832,
        0.006894849816514958,
        0.00024594710485445373,
        -0.00029358245375898896,
        0.00024594710485445373,
        0.0007322328787791022,
        0.00020491414173316074,
        0.0001414415406044317,
        -0.00010064440172960467,
        0.0001414415406044317,
        0.0005576001429906726,
        0.0007774684933844319,
        -0.00010064440172960467,
        0.0007774684933844319,
        0.0036767647130806894,
        0.0003637355412310723,
        0.0008389986487031377,
        -0.0002779040596861633,
        0.0008389986487031377,
        0.002455992582247703,
        -0.001041780121240347,
        -0.0002779040596861633,
        -0.001041780121240347,
        0.0006282587667501599,
        4.399910409956167e-05,
        0.00021116672688192945,
        2.6218894924679486e-05,
        0.00021116672688192945,
        0.0023550148418865317,
        -0.000706723621118492,
        2.6218894924679486e-05,
        -0.000706723621118492,
        0.0006767364588483064,
        1.7457054012971134e-06,
        1.8546589641984253e-06,
        2.7952646792975128e-05,
        1.8546589641984253e-06,
        7.1606032560000284e-06,
        6.974558504464435e-05,
        2.7952646792975128e-05,
        6.974558504464435e-05,
        0.0008092701956320486
    ],
    "A": [
        -2.002155702839971,
        -1.8437583699496345,
        0.048553464396416425,
        -1.8437583699496345,
        -5.1342845983701215,
        0.06775460616913614,
        0.048553464396416425,
        0.06775460616913614,
        -3.8301278057674004,
        -0.6433056657685556,
        2.3477134864161697,
        2.9147555036801283,
        -0.9217306415841879,
        -2.463051623100319,
        -2.10954962831021,
        -0.09843230252108169,
        0.3671359831947552,
        -1.192524558971134,
        0.3564283348774132,
        6.132018285212919,
        -1.4698686087123047,
        -0.5998496380050824,
        -3.203210553117698,
        0.902543251906022,
        -0.36290839364401467,
        -1.6399655511239448,
        0.2694924650914838,
        -0.3411742975470785,
        -0.5798987137040467,
        -0.07341893987414394,
        0.42943667944969754,
        0.15809722244447075,
        0.5851893087661632,
        -0.01425283647102904,
        -0.3357352392369374,
        0.08047309209132762,
        -0.47353457932312076,
        1.2607531742847706,
        -0.30621273745723376,
        -0.23424505423022265,
        -1.766078132676737,
        0.8946899261001856,
        -0.3188044709784397,
        -1.5184812164292754,
        0.1904122697728588
    ],
    "attractor": [
        0.4541374876292709,
        -0.013249352509527374,
        0.06766509083897734
    ],
    "att_all": [
        0.4541374876292709,
        -0.013249352509527374,
        0.06766509083897734
    ],
    "dt": 0.001989603042602539,
    "gripper_open": 1
}